拜访优先级,企业名称,国标行业大类,企查查行业中类,方案线,方案价值系数,典型方案,参保人数,注册资本,成立日期,成立月数,企业(机构)类型,有效手机号,邮箱,官网网址,注册地址,v1-均衡版,v1-均衡版_Tier,v2-方案导向版,v2-方案导向版_Tier,v3-执行导向版,v3-执行导向版_Tier,特征_真实规模,特征_资本实力,特征_方案线价值,特征_方案契合,特征_数字足迹,特征_触达可达,特征_拜访时效,特征_企业性质
1,深圳超线网络科技有限公司,软件和信息技术服务业,IT服务,云网 / IDC / 算力 / 云游戏,4.0,移动云·云主机/桌面·IDC·云专线·边缘算力,36.0,45.0745万元,2024-08-27,25,有限责任公司（外商投资、非独资）,18620363305,xiaogui@lessie.ai;xiaogui@moonlanding.cc,moonlanding.cc,深圳市福田区沙头街道天安社区深南大道6011-8号深铁置业大厦四十四层,85.7,S,83.7,S,85.8,S,0.9664,0.6161,0.6667,0.85,1.0,1.0,0.8,1.0
2,深圳市分转科技有限公司,互联网和相关服务,软件开发,云网 / IDC / 算力 / 云游戏,4.0,移动云·云主机/桌面·IDC·云专线·边缘算力,67.0,500万元,2023-10-24,35,有限责任公司,19076150993,caiwu@fenzhuantech.com;pr@fenzhuantech.com;kefu@fenzhuantech.com,fenzhuantech.com,深圳市福田区梅林街道梅丰社区北环大道6018号华强科创广场1栋3401,85.5,S,85.9,S,89.7,S,1.0,1.0,0.6667,1.0,1.0,1.0,0.57,0.5
3,深圳九光控股有限公司,软件和信息技术服务业,机器人制造,智慧工厂 / 工业互联网,5.0,5G专网·机器视觉质检·AGV·设备联网·数字孪生,18.0,791万元,2024-04-10,29,有限责任公司（港澳台投资、非独资）,15120074509,zhongy@nineraytech.com,,深圳市福田区福保街道福保社区市花路32号能健恒A栋二层210-4单元,85.4,S,85.1,S,85.9,S,0.788,1.0,1.0,0.85,0.55,0.85,0.8,1.0
4,深圳市奇朵智能设备有限公司,科技推广和应用服务业,IT服务,云网 / IDC / 算力 / 云游戏,4.0,移动云·云主机/桌面·IDC·云专线·边缘算力,14.0,13万元,2025-07-28,14,有限责任公司（港澳台投资、非独资）,15768870322,dingding@kidoworks.com,kidoworks.com,深圳市福田区沙头街道天安社区泰然四路25号天安创新科技广场一期B座1808,84.0,S,84.6,S,79.6,A,0.7248,0.4245,0.6667,1.0,1.0,1.0,1.0,1.0
5,深圳恩动医学智能科技有限公司,专用设备制造业,基础医疗器械制造,智慧工厂 / 工业互联网,5.0,5G专网·机器视觉质检·AGV·设备联网·数字孪生,7.0,119.047619万元,2024-10-22,23,有限责任公司（港澳台投资、非独资）,15622747775,raoyuqi@endomotive.com,https://endomotive.com,深圳市福田区福保街道福保社区市花路32号能健恒A栋六层605室,83.5,S,87.7,S,78.9,A,0.5565,0.7702,1.0,1.0,0.8,0.85,0.8,1.0
6,深圳市心感智影科技有限公司,,人工智能,云网 / IDC / 算力 / 云游戏,4.0,移动云·云主机/桌面·IDC·云专线·边缘算力,6.0,166.6666万元,2025-06-13,15,有限责任公司（外商投资、非独资）,19925309761,contact@odyss.life;finance@odyss.life,www.odyss.life,深圳市福田区福田街道岗厦社区彩田路3069号星河世纪A栋1702N,82.5,S,83.3,S,78.0,A,0.5208,0.8239,0.6667,1.0,1.0,0.85,1.0,1.0
7,深圳陆兮科技有限公司,软件和信息技术服务业,IT服务,云网 / IDC / 算力 / 云游戏,4.0,移动云·云主机/桌面·IDC·云专线·边缘算力,35.0,152.046784万元,2023-11-06,35,有限责任公司,13530893855;13823103971,zhengyingli@luxitech.cn;wangbolun@luxitech.cn,https://www.luxitech.cn,深圳市福田区梅林街道梅都社区中康路136号深圳新一代产业园5栋4层401,81.1,S,83.1,S,82.9,S,0.9591,0.8092,0.6667,1.0,1.0,0.85,0.57,0.5
8,视启未来（深圳）科技有限公司,科技推广和应用服务业,人工智能,云网 / IDC / 算力 / 云游戏,4.0,移动云·云主机/桌面·IDC·云专线·边缘算力,15.0,403.714287万元,2025-08-07,13,有限责任公司,,finance@visincept.com;support@visincept.com,https://visincept.com/zh,深圳市福田区福保街道福保社区桃花路与槟榔道交汇处西北深九科技创业园5号楼206W（槟榔道3号深港国际科技园）,80.9,S,82.8,S,79.5,A,0.742,0.9657,0.6667,1.0,1.0,0.6,1.0,0.5
9,深圳市聚星新能源科技有限公司,科技推广和应用服务业,其他汽车服务,云网 / IDC / 算力 / 云游戏,4.0,移动云·云主机/桌面·IDC·云专线·边缘算力,37.0,500万元,2024-06-19,27,有限责任公司,,1242567452@qq.com;sunsuishan@163.com,https://www.szjxch.com,深圳市福田区沙头街道沙嘴社区沙嘴路8号红树华府A栋1801,79.5,A,79.3,A,82.0,S,0.9735,1.0,0.6667,1.0,0.65,0.6,0.8,0.5
10,深圳星煜电焰科技有限公司,科技推广和应用服务业,厨房小家电制造,云网 / IDC / 算力 / 云游戏,4.0,移动云·云主机/桌面·IDC·云专线·边缘算力,59.0,100万元,2023-12-19,33,有限责任公司,13418477754,xie199704@qq.com;769963715@qq.com,szxingyudy.com,深圳市福田区沙头街道新华社区新洲十一街128号祥祺投资大厦一单元二十二层2601,79.4,A,79.4,A,83.5,S,1.0,0.7424,0.6667,1.0,0.65,1.0,0.57,0.5
11,深圳光智时空科技有限公司,科技推广和应用服务业,IT服务,云网 / IDC / 算力 / 云游戏,4.0,移动云·云主机/桌面·IDC·云专线·边缘算力,2.0,232.5218万元,2024-09-13,24,有限责任公司（外商投资、非独资）,18522577701,zhanghongna@looki.ai;xinlu@looki.ai,looki.tech,深圳市福田区福保街道福保社区黄槐道3号深福保科技工业园A、B栋B栋2层201D03单元-A76,78.3,A,80.5,S,73.7,A,0.294,0.8772,0.6667,1.0,1.0,1.0,0.8,1.0
12,立昂（深圳）机器人科技有限公司,零售业,机器人制造,智慧工厂 / 工业互联网,5.0,5G专网·机器视觉质检·AGV·设备联网·数字孪生,9.0,123.868155万元,2024-12-10,21,有限责任公司,,448102010@qq.com;leon.zhang@leonrobot.com,leonrobot.com,深圳市福田区福保街道福保社区槟榔道1号吉虹研发大楼B栋1层111房,77.9,A,86.1,S,72.5,A,0.6162,0.7765,1.0,1.0,1.0,0.45,0.8,0.5
13,深圳市智想无界科技有限公司,软件和信息技术服务业,IT服务,云网 / IDC / 算力 / 云游戏,4.0,移动云·云主机/桌面·IDC·云专线·边缘算力,16.0,468.75万元,2023-12-06,34,有限责任公司,,chenhh@i-thinking.cn;finance@i-thinking.cn;zxwj@i-thinking.cn,http://www.i-thinking.cn,深圳市福田区梅林街道梅都社区中康路136号深圳新一代产业园4栋23层整层,76.3,A,79.7,A,76.0,A,0.7583,0.9896,0.6667,1.0,1.0,0.6,0.57,0.5
14,数银互联（深圳）信息科技有限公司,软件和信息技术服务业,IT服务,云网 / IDC / 算力 / 云游戏,4.0,移动云·云主机/桌面·IDC·云专线·边缘算力,6.0,750万元,2024-10-14,23,有限责任公司,15622714163;13917441913,fd@shuyinhulian.com;anfang@shuyinhulian.com;services@shuyinhulian.com,shuyinhulian.com,深圳市福田区福田街道岗厦社区金田路3088号中洲大厦2702C,74.7,A,75.8,A,75.0,A,0.5208,1.0,0.6667,0.775,1.0,0.85,0.8,0.5
15,深圳市巢匠科技有限公司,通用设备制造业,机床制造,智慧工厂 / 工业互联网,5.0,5G专网·机器视觉质检·AGV·设备联网·数字孪生,0.0,142.81万元,2025-11-27,10,有限责任公司（港澳台投资、非独资）,,hr@nestworks.ai,https://www.nestworks.ai/,深圳市福田区华强北街道福强社区深南中路2070号中电广场大厦617,74.1,A,81.9,S,63.0,B,0.0,0.7992,1.0,0.925,1.0,0.6,1.0,1.0
16,超脑未来（深圳）科技有限公司,软件和信息技术服务业,人工智能,云网 / IDC / 算力 / 云游戏,4.0,移动云·云主机/桌面·IDC·云专线·边缘算力,3.0,511.92万元,2025-05-16,16,有限责任公司,15313377892,2248266736@qq.com,world-agents.com,深圳市福田区福田街道福华社区深南中路3003号北方大厦421,74.0,A,75.7,A,72.8,A,0.371,1.0,0.6667,1.0,0.65,0.85,1.0,0.5
17,深圳市蓝色涌现科技有限公司,科技推广和应用服务业,人工智能,云网 / IDC / 算力 / 云游戏,4.0,移动云·云主机/桌面·IDC·云专线·边缘算力,14.0,113.9711万元,2024-04-30,29,有限责任公司（港澳台投资、非独资）,,xiaoyan.zhang@blueemg.com,,深圳市福田区福保街道福保社区市花路南侧长富金茂大厦1号楼4102-5,73.8,A,74.3,A,70.5,A,0.7248,0.7632,0.6667,1.0,0.55,0.45,0.8,1.0
18,深圳市灵枢动力有限公司,通用设备制造业,轴承、齿轮和传动部件制造,智慧工厂 / 工业互联网,5.0,5G专网·机器视觉质检·AGV·设备联网·数字孪生,4.0,123.75万元,2025-03-17,18,有限责任公司,13600412589,15323736713@163.com,lssd-sz.com,深圳市福田区沙头街道天安社区泰然四路6号天安数码时代大厦A座612,73.7,A,78.8,A,71.6,A,0.4307,0.7764,1.0,0.85,0.65,0.85,0.8,0.5
19,深圳云芯创新科技有限公司,软件和信息技术服务业,人工智能,云网 / IDC / 算力 / 云游戏,4.0,移动云·云主机/桌面·IDC·云专线·边缘算力,1.0,105.5076万元,2024-07-18,26,有限责任公司（港澳台投资、非独资）,18200196406,bywang@lightyearobotics.com;daochuanwang@foxmail.com,cartesius.cn,深圳市福田区福保街道福保社区市花路1号创凌通科技大厦A1103,73.3,A,77.3,A,66.1,B,0.1855,0.7509,0.6667,1.0,1.0,0.85,0.8,1.0
20,深圳东壁科技数据有限责任公司,软件和信息技术服务业,大数据服务,云网 / IDC / 算力 / 云游戏,4.0,移动云·云主机/桌面·IDC·云专线·边缘算力,3.0,153.532648万元,2024-01-05,33,有限责任公司,18611964596,info@dbdata.com,researchtool.cn,深圳市福田区福保街道福保社区桃花路与槟榔道交汇处西北深九科技创业园5号楼207Y,70.5,A,76.0,A,67.6,B,0.371,0.8108,0.6667,1.0,1.0,0.85,0.57,0.5
21,深圳市洞墟科技有限公司,互联网和相关服务,人工智能,云网 / IDC / 算力 / 云游戏,4.0,移动云·云主机/桌面·IDC·云专线·边缘算力,2.0,111.1111万元,2024-01-29,32,有限责任公司,13652372505,15917068019@136.com;13652372505@163.com,sligenai.cn,深圳市福田区梅林街道梅都社区中康路136号深圳新一代产业园1栋406,68.6,B,74.8,A,64.8,B,0.294,0.7592,0.6667,1.0,1.0,0.85,0.57,0.5
22,深圳时卡资讯有限公司,商务服务业,咨询服务,智慧园区 / 楼宇 / 电梯,3.5,园区专网·智能门禁·能耗管理·电梯物联网·楼宇自控,9.0,50万元,2023-12-11,33,有限责任公司,13802554901,337831815@qq.com;yuanzuliang@scheme.top,shikazixun.com,深圳市福田区福田街道福山社区滨河大道5020号同心大厦25层18,68.5,B,70.7,A,67.9,B,0.6162,0.6325,0.5,1.0,0.8,0.85,0.57,0.5
23,深圳市铕点意思品牌管理有限公司,餐饮业,咨询服务,智慧文旅 / 酒店,3.5,景区监控·客流分析·AR导览·酒店智能化,5.0,500万元,2025-06-19,15,有限责任公司,18988708970,cw@gdydys.com,,深圳市福田区福田街道福山社区福华三路3号京地大厦1712,67.2,B,63.5,B,70.1,A,0.4795,1.0,0.5,0.775,0.35,0.85,1.0,0.5
24,深圳轻思科技有限公司,科技推广和应用服务业,软件开发,云网 / IDC / 算力 / 云游戏,4.0,移动云·云主机/桌面·IDC·云专线·边缘算力,2.0,100万元,2024-09-13,24,有限责任公司,13560235167,contact@challensys.com;sales@challensys.com;bug@challensys.com;support@challensys.com;eval@challensys.com,challensys.com,深圳市福田区福田街道福山社区滨河大道5022号联合广场A座1010K,67.1,B,70.4,A,64.4,B,0.294,0.7424,0.6667,0.85,0.8,0.85,0.8,0.5
25,穗升科技（深圳）有限公司,批发业,软件开发,智慧零售 / 供应链,2.5,门店专线·收银联网·客流分析·供应链协同,8.0,95.2755万元,2025-08-05,14,有限责任公司（外商投资、非独资）,18620818681,18620818681@163.com,,深圳市福田区园岭街道华林社区八卦路31号众鑫科技大厦9层914H,66.8,B,59.4,C,67.5,B,0.588,0.7347,0.1667,1.0,0.2,0.85,1.0,1.0
26,爱护人工智能科技（深圳）有限公司,科技推广和应用服务业,人工智能,云网 / IDC / 算力 / 云游戏,4.0,移动云·云主机/桌面·IDC·云专线·边缘算力,4.0,170.9412万元,2025-02-21,19,有限责任公司,18566201719,759179348@qq.com,,深圳市福田区福保街道福保社区桃花路6号腾飞工业大厦B栋9层908-926,66.5,B,67.5,B,66.9,B,0.4307,0.828,0.6667,1.0,0.2,0.85,0.8,0.5
27,暗壳科技（深圳）有限公司,软件和信息技术服务业,IT服务,云网 / IDC / 算力 / 云游戏,4.0,移动云·云主机/桌面·IDC·云专线·边缘算力,2.0,185.1852万元,2024-02-23,31,有限责任公司,,stock008@matrixdesign.com,ankeai.cn,深圳市福田区福保街道福保社区福田保税区市花路3号花样年.福年广场B栋412,66.4,B,73.3,A,61.6,B,0.294,0.8408,0.6667,1.0,1.0,0.6,0.57,0.5
28,深圳市艾聆科技有限公司,软件和信息技术服务业,软件开发,云网 / IDC / 算力 / 云游戏,4.0,移动云·云主机/桌面·IDC·云专线·边缘算力,0.0,799.6879万元,2025-05-06,17,有限责任公司,,ailyworld@163.com;sale@ailyworld.cn;zhuyuhao@ailyworld.cn,www.ailyworld.cn,深圳市福田区梅林街道梅京社区北环大道7008号通业大厦南塔21层2112,66.1,B,72.9,A,58.1,C,0.0,1.0,0.6667,1.0,1.0,0.45,1.0,0.5
29,深圳强基计算技术有限公司,科技推广和应用服务业,IT服务,云网 / IDC / 算力 / 云游戏,4.0,移动云·云主机/桌面·IDC·云专线·边缘算力,4.0,689.234808万元,2023-10-17,35,有限责任公司,,tangxiaomei@sputee.com,,深圳市福田区福保街道福保社区桃花路与槟榔道交汇处西北深九科技创业园5号楼206G,64.9,B,67.9,B,64.4,B,0.4307,1.0,0.6667,0.925,0.55,0.6,0.57,0.5
30,深圳本惟无界科技有限公司,软件和信息技术服务业,软件开发,云网 / IDC / 算力 / 云游戏,4.0,移动云·云主机/桌面·IDC·云专线·边缘算力,0.0,140.732万元,2025-12-17,9,有限责任公司（外商投资、非独资）,18601029250,18601@163.com,,深圳市福田区福田街道福南社区深南中路3039号国际文化大厦2201B,64.8,B,65.7,B,59.3,C,0.0,0.7969,0.6667,1.0,0.2,0.85,1.0,1.0
31,读书郎数字科技（深圳）有限公司,软件和信息技术服务业,大数据服务,云网 / IDC / 算力 / 云游戏,4.0,移动云·云主机/桌面·IDC·云专线·边缘算力,3.0,100万元,2024-06-13,27,有限责任公司,13534078888,355152745@qq.com,,深圳市福田区沙头街道天安社区深南大道6031号杭钢富春商务大厦三层301-P28,64.6,B,66.2,B,64.0,B,0.371,0.7424,0.6667,1.0,0.2,0.85,0.8,0.5
32,深圳芯联半导体科技有限公司,科技推广和应用服务业,半导体,云网 / IDC / 算力 / 云游戏,4.0,移动云·云主机/桌面·IDC·云专线·边缘算力,13.0,123.4568万元,2024-02-27,31,有限责任公司,13760420221,zhoujunquan@chipslink.com.cn;15335770@qq.com,,深圳市福田区梅林街道梅都社区中康路128号卓越梅林中心广场（北区）2号楼703,64.3,B,62.3,B,68.8,B,0.7063,0.776,0.6667,0.6167,0.35,0.85,0.57,0.5
33,深圳昇旭光电科技有限公司,批发业,IT服务,智慧零售 / 供应链,2.5,门店专线·收银联网·客流分析·供应链协同,5.0,129.71万元,2023-10-09,35,有限责任公司,18086469636;18938079066;13477058877,wanghj@sunxuopt.com;94642619@qq.com;yangjie@sunxuopt.com,https://www.sunxuopt.com,深圳市福田区福田街道福安社区民田路178号华融大厦1712T68,64.2,B,64.2,B,64.0,B,0.4795,0.7839,0.1667,1.0,1.0,0.85,0.57,0.5
34,深圳云松鼠智能科技有限公司,软件和信息技术服务业,人工智能,云网 / IDC / 算力 / 云游戏,4.0,移动云·云主机/桌面·IDC·云专线·边缘算力,0.0,125万元,2025-07-28,14,有限责任公司,15200878331,heshan@squirrel-robot.com,,深圳市福田区福保街道福保社区黄槐道3号深福保科技工业园A、B栋B栋2层201D03单元-A125,64.1,B,68.5,B,59.0,C,0.0,0.778,0.6667,1.0,0.55,0.85,1.0,0.5
35,深圳璟辉科技有限责任公司,科技推广和应用服务业,技术推广服务,云网 / IDC / 算力 / 云游戏,4.0,移动云·云主机/桌面·IDC·云专线·边缘算力,1.0,590.1万元,2024-04-01,30,有限责任公司,18902318238,jinghuitianqi@spictq.com,,深圳市福田区莲花街道福新社区益田路6009号新世界商务中心1506,62.5,B,65.8,B,61.9,B,0.1855,1.0,0.6667,1.0,0.35,0.85,0.57,0.5
36,显生宙（深圳）科技有限公司,科技推广和应用服务业,人工智能,云网 / IDC / 算力 / 云游戏,4.0,移动云·云主机/桌面·IDC·云专线·边缘算力,17.0,11.54万元,2024-03-22,30,有限责任公司,,,https://imai.work,深圳市福田区沙头街道天安社区深南大道6021号喜年中心A座1509E5,62.4,B,68.3,B,57.8,C,0.7736,0.4068,0.6667,1.0,0.65,0.2,0.57,0.5
37,嘉业互娱（深圳）文化传媒有限公司,广播、电视、电影和录音制作业,影视传媒,智慧文旅 / 酒店,3.5,景区监控·客流分析·AR导览·酒店智能化,11.0,100万元,2024-07-30,26,有限责任公司,13691733396,190480315@qq.com,,深圳市福田区福田街道福山社区福华三路3号京地大厦22层2201,62.0,B,57.7,C,66.7,B,0.665,0.7424,0.5,0.775,0.0,0.85,0.8,0.5
38,深圳市栖梧智芯科技有限公司,电气机械和器材制造业,半导体,智慧工厂 / 工业互联网,5.0,5G专网·机器视觉质检·AGV·设备联网·数字孪生,0.0,500万元,2025-12-24,9,有限责任公司（法人独资）,,,,深圳市福田区园岭街道华林社区八卦路31号众鑫科技大厦1107,60.4,B,66.6,B,52.6,C,0.0,1.0,1.0,1.0,0.0,0.2,1.0,0.75
39,深圳浩盈盛科技发展有限公司,软件和信息技术服务业,IT服务,云网 / IDC / 算力 / 云游戏,4.0,移动云·云主机/桌面·IDC·云专线·边缘算力,0.0,500万元,2024-11-14,22,有限责任公司,17620443008,13870875325@163.com,,深圳市福田区莲花街道紫荆社区商报东路11号英龙商务大厦509,60.3,B,61.7,B,60.0,B,0.0,1.0,0.6667,1.0,0.0,1.0,0.8,0.5
40,深圳市好利来餐饮管理有限公司,餐饮业,餐饮服务,智慧文旅 / 酒店,3.5,景区监控·客流分析·AR导览·酒店智能化,111.0,500万元,2024-11-06,23,有限责任公司,,szhll1992@163.com,,深圳市福田区福田街道福安社区福华三路268号星河COCOPARK购物广场BIS-001A1-B1-W10B1C-089,60.1,B,49.3,D,70.7,A,1.0,1.0,0.5,0.2333,0.0,0.6,0.8,0.5
41,金链企服（深圳）控股有限公司,商务服务业,咨询服务,智慧园区 / 楼宇 / 电梯,3.5,园区专网·智能门禁·能耗管理·电梯物联网·楼宇自控,4.0,300万元,2025-06-19,15,有限责任公司,,15539010926@163.com,jinlianqifu.com,深圳市福田区香蜜湖街道东海社区深南大道7888号东海国际中心一期A栋3201B,59.0,C,54.9,C,61.1,B,0.4307,0.918,0.5,0.4583,0.45,0.6,1.0,0.5
42,中健西科控股（深圳）集团有限公司,科技推广和应用服务业,技术推广服务,云网 / IDC / 算力 / 云游戏,4.0,移动云·云主机/桌面·IDC·云专线·边缘算力,0.0,500万元,2024-11-12,22,有限责任公司,13626799303,1910721569@qq.com,,深圳市福田区福保街道福保社区桃花路12号赛格储运大厦11层1122,58.5,C,60.5,B,57.3,C,0.0,1.0,0.6667,1.0,0.0,0.85,0.8,0.5
43,深圳浩盟企业管理控股有限公司,商务服务业,咨询服务,智慧园区 / 楼宇 / 电梯,3.5,园区专网·智能门禁·能耗管理·电梯物联网·楼宇自控,2.0,10万元,2023-11-08,34,有限责任公司（港澳台法人独资）,18124659597,18124659597@189.com;info@hm-group.com.hk;enquiry@hm-group.com.hk;297504481@qq.com,hm-group.hk,深圳市福田区梅林街道梅都社区中康路126号卓越梅林中心广场（南区）B2408,58.3,C,56.2,C,56.0,C,0.294,0.3857,0.5,0.3083,1.0,1.0,0.57,1.0
44,深圳市飞越快线科技有限公司,多式联运和运输代理业,货物运输代理,智慧港口 / 智慧物流,4.5,5G+龙门吊远控·无人集卡·智能仓储,1.0,400万元,2024-08-01,26,有限责任公司,,wuwc@sharing8.cn,,深圳市福田区福保街道福保社区红棉道8号英达利科技数码园B、C栋B栋101,58.2,C,59.7,C,57.5,C,0.1855,0.9642,0.8333,0.5417,0.35,0.6,0.8,0.5
45,深圳星转美好科技有限公司,科技推广和应用服务业,技术推广服务,云网 / IDC / 算力 / 云游戏,4.0,移动云·云主机/桌面·IDC·云专线·边缘算力,0.0,650万元,2025-06-24,15,有限责任公司,13265066201,zhaning@capblue.cn,,深圳市福田区沙头街道天安社区深南大道6011-8号深铁置业大厦三十层07单元,58.0,C,57.0,C,57.7,C,0.0,1.0,0.6667,0.5417,0.35,0.85,1.0,0.5
46,广东威昱能源有限公司,科技推广和应用服务业,技术推广服务,云网 / IDC / 算力 / 云游戏,4.0,移动云·云主机/桌面·IDC·云专线·边缘算力,0.0,500万元,2023-12-04,34,有限责任公司（法人独资）,13697103028;18938673709,44931517@qq.com;2217041997@qq.com;18938673709@163.com,,深圳市福田区福田街道福山社区滨河大道5022号联合广场A座2002J2,57.7,C,59.7,C,56.0,C,0.0,1.0,0.6667,1.0,0.0,0.85,0.57,0.75
47,深圳市优势基石投资有限公司,科技推广和应用服务业,咨询服务,云网 / IDC / 算力 / 云游戏,4.0,移动云·云主机/桌面·IDC·云专线·边缘算力,0.0,500万元,2025-09-18,12,有限责任公司,16696175160,16696175160@163.com,,深圳市福田区沙头街道天安社区泰然十一路1号深业泰然大厦10C01K7,57.7,C,57.2,C,57.5,C,0.0,1.0,0.6667,0.775,0.0,0.85,1.0,0.5
48,深圳壹点科技投资有限公司,,投资与资产管理,基础通信 / 通用政企,2.0,集团专线·企业宽带·固话·V网·移动办公,4.0,100万元,2023-11-21,34,有限责任公司（港澳台投资、非独资）,18655665566;18677772019;13487911111;13148439869;18681452539;18555555859,info@yidot.com;yi@yidot.com;vip@yidot.com;aixjia@163.com;aixingkeji@qq.com,www.yidot.com,深圳市福田区沙头街道天安社区深南大道6031号杭钢富春商务大厦2111,57.7,C,50.7,C,58.3,C,0.4307,0.7424,0.0,0.5333,1.0,0.85,0.57,1.0
49,深圳市星蓝教育科技管理有限公司,文化艺术业,培训教育,智慧文旅 / 酒店,3.5,景区监控·客流分析·AR导览·酒店智能化,8.0,500万元,2024-03-05,31,有限责任公司,,2233196113@qq.com,,深圳市福田区园岭街道鹏盛社区八卦一路123号盛世鹏程东区八卦一路95-3号二楼201（盛鹏街8-1）,57.4,C,54.3,C,61.9,B,0.588,1.0,0.5,0.7667,0.0,0.6,0.57,0.5
50,深圳天汇云控股科技有限公司,软件和信息技术服务业,IT服务,云网 / IDC / 算力 / 云游戏,4.0,移动云·云主机/桌面·IDC·云专线·边缘算力,0.0,100万元,2024-07-24,26,有限责任公司（自然人独资）,15361075883,13829316995@139.com;948459634@qq.com,,深圳市福田区沙头街道天安社区深南大道6027号大庆大厦三十一层3175F,56.9,C,59.8,C,55.5,C,0.0,0.7424,0.6667,1.0,0.0,1.0,0.8,0.4
51,深圳市鑫源信科技合伙企业（有限合伙）,互联网和相关服务,大数据服务,云网 / IDC / 算力 / 云游戏,4.0,移动云·云主机/桌面·IDC·云专线·边缘算力,0.0,100万元,2024-04-11,29,有限合伙企业,13686851499,caiwu01@szxinxx.com,,深圳市福田区园岭街道华林社区八卦二路八卦岭工业区543栋252-3,56.7,C,61.4,B,53.9,C,0.0,0.7424,0.6667,0.925,0.35,0.85,0.8,0.3
52,深圳市星昂智能科技有限公司,软件和信息技术服务业,人工智能,云网 / IDC / 算力 / 云游戏,4.0,移动云·云主机/桌面·IDC·云专线·边缘算力,0.0,115.1852万元,2026-05-26,4,有限责任公司,,,axionstoken.com,深圳市福田区福保街道福保社区市花路南侧长富金茂大厦1号楼1101,56.0,C,63.8,B,46.7,D,0.0,0.7649,0.6667,1.0,0.65,0.2,0.9,0.5
53,深圳市序影科技有限公司,软件和信息技术服务业,消费电子设备制造,云网 / IDC / 算力 / 云游戏,4.0,移动云·云主机/桌面·IDC·云专线·边缘算力,0.0,126.25万元,2026-04-20,5,有限责任公司（港澳台投资、非独资）,,,,深圳市福田区福保街道福保社区桃花路32号鑫瑞科大厦3层A346,55.7,C,59.6,C,46.3,D,0.0,0.7795,0.6667,1.0,0.2,0.2,0.9,1.0
54,深天空控股（广东）有限公司,软件和信息技术服务业,IT服务,云网 / IDC / 算力 / 云游戏,4.0,移动云·云主机/桌面·IDC·云专线·边缘算力,0.0,500万元,2026-03-24,6,有限责任公司（法人独资）,,,,深圳市福田区沙头街道天安社区泰然四路113号泰然科技园210栋六层606A,55.1,C,57.9,C,48.6,D,0.0,1.0,0.6667,1.0,0.0,0.2,1.0,0.75
55,深圳市哆乐创新科技有限公司,零售业,IT服务,智慧零售 / 供应链,2.5,门店专线·收银联网·客流分析·供应链协同,0.0,95万元,2024-12-10,21,有限责任公司,,yangjiayi@ifurryrx.com;858590206@qq.com,ifurryrx.com,深圳市福田区园岭街道上林社区八卦三路光纤工业小区2栋1层2A8,54.8,C,57.9,C,48.5,D,0.0,0.7342,0.1667,1.0,1.0,0.6,0.8,0.5
56,深圳粤启创业投资有限公司,商务服务业,投资与资产管理,智慧园区 / 楼宇 / 电梯,3.5,园区专网·智能门禁·能耗管理·电梯物联网·楼宇自控,2.0,200万元,2025-07-25,14,有限责任公司,17786426185,yq202507@126.com,,深圳市福田区沙头街道天安社区泰然四路113号泰然科技园210栋五层5C-230T,54.6,C,48.7,D,58.3,C,0.294,0.8531,0.5,0.4667,0.0,0.85,1.0,0.5
57,深圳市倚锋明远科技有限公司,研究和试验发展,研究和试验发展,云网 / IDC / 算力 / 云游戏,4.0,移动云·云主机/桌面·IDC·云专线·边缘算力,0.0,55.5556万元,2024-09-11,24,其他有限责任公司,,chen.zhu@efungcapital.com,,深圳市福田区福田街道福山社区福华三路与金田路交界处东南侧卓越世纪中心、皇岗商务中心2号楼5801A,54.3,C,59.2,C,48.7,D,0.0,0.6491,0.6667,0.775,0.55,0.6,0.8,0.5
58,深圳通缇瑞盈新能源科技有限公司,电力、热力生产和供应业,电力生产,智慧电力 / 能源,4.5,配电物联网·电力专网·新能源场站监测,0.0,5万元,2024-10-30,23,有限责任公司（法人独资）,15013460401,15013460401@qq.com,,深圳市福田区园岭街道华林社区八卦三路八卦岭工业区522栋5层579C,53.9,C,58.3,C,47.7,D,0.0,0.2882,0.8333,0.85,0.0,0.85,0.8,0.75
59,深圳芊语美业集团有限公司,居民服务业,咨询服务,基础通信 / 通用政企,2.0,集团专线·企业宽带·固话·V网·移动办公,14.0,100万元,2025-04-07,17,有限责任公司（自然人独资）,18475632164,18475632164@163.com,,深圳市福田区福田街道岗厦社区福华三路88号财富大厦32E,53.5,C,41.5,D,62.0,B,0.7248,0.7424,0.0,0.5417,0.0,0.85,1.0,0.4
60,深圳市智多兴生态科技有限公司,软件和信息技术服务业,其他环境保护服务,云网 / IDC / 算力 / 云游戏,4.0,移动云·云主机/桌面·IDC·云专线·边缘算力,0.0,196万元,2024-03-08,30,其他有限责任公司,15821809508,5485111@qq.com;31582452@163.com,,深圳市福田区华富街道新田社区深圳市福田区深南大道1012号福投控大厦1号楼9层02室,53.2,C,56.1,C,52.0,C,0.0,0.8499,0.6667,0.925,0.0,0.85,0.57,0.5
61,深圳卫康口腔有限公司,商务服务业,医院,智慧园区 / 楼宇 / 电梯,3.5,园区专网·智能门禁·能耗管理·电梯物联网·楼宇自控,12.0,100万元,2023-10-10,35,有限责任公司,13670284490,535197136@qq.com;997145804@qq.com,,深圳市福田区沙头街道金碧社区滨河大道9299号花好园201LO2HH106,53.1,C,45.8,D,61.2,B,0.6865,0.7424,0.5,0.3083,0.0,0.85,0.57,0.5
62,深圳市优帮手法律咨询有限公司,商务服务业,咨询服务,智慧园区 / 楼宇 / 电梯,3.5,园区专网·智能门禁·能耗管理·电梯物联网·楼宇自控,3.0,100万元,2025-12-10,9,有限责任公司,,13712439419@163.com,,深圳市福田区沙头街道下沙社区滨河大道9289号京基滨河时代广场北区A栋2703,52.9,C,48.6,D,54.7,C,0.371,0.7424,0.5,0.5417,0.0,0.6,1.0,0.5
63,深圳市国信链通科技有限公司,科技推广和应用服务业,技术推广服务,云网 / IDC / 算力 / 云游戏,4.0,移动云·云主机/桌面·IDC·云专线·边缘算力,0.0,600万元,2024-11-26,22,有限责任公司,,hr@guoxinkeji.com.cn,,深圳市福田区沙头街道天安社区深南大道6033号金运世纪大厦18H,52.6,C,53.4,C,51.2,C,0.0,1.0,0.6667,0.5417,0.35,0.6,0.8,0.5
64,深汇贸通商业管理（深圳）有限公司,商务服务业,咨询服务,智慧园区 / 楼宇 / 电梯,3.5,园区专网·智能门禁·能耗管理·电梯物联网·楼宇自控,0.0,500万元,2025-03-24,18,有限责任公司（法人独资）,13267168127,760023578@qq.com,,深圳市福田区华强北街道华航社区中航路42号中航北苑大厦B座15-B1,52.4,C,48.8,D,53.2,C,0.0,1.0,0.5,0.6167,0.0,0.85,0.8,0.75
65,深圳市政同科技有限公司,科技推广和应用服务业,技术推广服务,云网 / IDC / 算力 / 云游戏,4.0,移动云·云主机/桌面·IDC·云专线·边缘算力,3.0,500万元,2024-03-24,30,有限责任公司（自然人独资）,13614606615,,,深圳市福田区香蜜湖街道香岭社区侨香路3089号恒邦置地大厦19层1901A,52.2,C,50.7,C,56.1,C,0.371,1.0,0.6667,0.5417,0.0,0.6,0.57,0.4
66,深圳市黑白灰控股有限公司,科技推广和应用服务业,组织管理服务,云网 / IDC / 算力 / 云游戏,4.0,移动云·云主机/桌面·IDC·云专线·边缘算力,0.0,10万元,2023-10-12,35,有限责任公司（法人独资）,13502840848,rjwu@blackwhitegreygroup.com,,深圳市福田区沙头街道天安社区深南大道6009号NEO绿景广场C座24A,51.9,C,56.0,C,46.5,D,0.0,0.3857,0.6667,0.775,0.35,0.85,0.57,0.75
67,深圳宇婵投资发展有限公司,软件和信息技术服务业,软件开发,云网 / IDC / 算力 / 云游戏,4.0,移动云·云主机/桌面·IDC·云专线·边缘算力,0.0,100万元,2024-07-11,26,有限责任公司,,13669082221@qq.com,,深圳市福田区沙头街道天安社区深南大道6025号英龙展业大厦3005,51.1,C,55.8,C,46.0,D,0.0,0.7424,0.6667,1.0,0.0,0.45,0.8,0.5
68,广东富昌鑫贸易有限公司,零售业,电子产品批发,智慧零售 / 供应链,2.5,门店专线·收银联网·客流分析·供应链协同,0.0,500万元,2025-04-09,17,有限责任公司（法人独资）,13927952645,13927952645@163.com,,深圳市福田区园岭街道华林社区八卦路31号众鑫科技大厦9层976T,50.7,C,43.5,D,51.9,C,0.0,1.0,0.1667,0.7,0.0,0.85,1.0,0.75
69,深圳市七彩虹祥悦数码技术有限公司,软件和信息技术服务业,软件开发,云网 / IDC / 算力 / 云游戏,4.0,移动云·云主机/桌面·IDC·云专线·边缘算力,0.0,100万元,2024-08-26,25,有限责任公司（法人独资）,,3867004019@qq.com,,深圳市福田区梅林街道梅都社区中康路136号深圳新一代产业园1栋1203,50.7,C,51.4,C,47.3,D,0.0,0.7424,0.6667,0.7,0.0,0.6,0.8,0.75
70,深圳市元启姝辰科技有限公司,科技推广和应用服务业,电子产品批发,云网 / IDC / 算力 / 云游戏,4.0,移动云·云主机/桌面·IDC·云专线·边缘算力,0.0,159.6157万元,2026-02-06,8,有限责任公司（港澳台投资、非独资）,,,,深圳市福田区梅林街道孖岭社区凯丰路10号国际金融科技城26层2601G67,49.9,D,49.4,D,43.6,D,0.0,0.817,0.6667,0.6167,0.0,0.2,1.0,1.0
71,深圳影擎未来科技有限公司,零售业,消费电子设备制造,智慧零售 / 供应链,2.5,门店专线·收银联网·客流分析·供应链协同,0.0,500万元,2024-05-29,28,有限责任公司,13613087429,13613087429@139.com,,深圳市福田区沙头街道下沙社区滨河大道9289号京基滨河时代广场北区A栋6301A1,49.4,D,45.9,D,50.7,C,0.0,1.0,0.1667,0.925,0.0,0.85,0.8,0.5
72,深圳市安泰融管理有限公司,商务服务业,投资与资产管理,智慧园区 / 楼宇 / 电梯,3.5,园区专网·智能门禁·能耗管理·电梯物联网·楼宇自控,0.0,500万元,2025-04-11,17,有限责任公司（法人独资）,,,zcghdb.cn,深圳市福田区沙头街道天安社区泰然七路25号泰然苍松大厦四层北440,49.4,D,48.2,D,45.0,D,0.0,1.0,0.5,0.4667,0.45,0.2,1.0,0.75
73,九州黑石谷（深圳）控股有限公司,商务服务业,咨询服务,智慧园区 / 楼宇 / 电梯,3.5,园区专网·智能门禁·能耗管理·电梯物联网·楼宇自控,3.0,100万元,2025-04-03,18,有限责任公司,17772648890,17772648890@163.com,,深圳市福田区沙头街道下沙社区滨河大道9289号京基滨河时代广场北区A栋3907,49.2,D,42.2,D,54.7,C,0.371,0.7424,0.5,0.2333,0.0,0.85,0.8,0.5
74,宝利国能（深圳）投资发展有限公司,商务服务业,电力设备批发,智慧园区 / 楼宇 / 电梯,3.5,园区专网·智能门禁·能耗管理·电梯物联网·楼宇自控,0.0,500万元,2024-03-19,30,有限责任公司,15817414628,183487539@qq.com,,深圳市福田区华富街道莲花三村社区红荔西路5003号现代演艺中心117-1,48.8,D,47.8,D,50.6,C,0.0,1.0,0.5,0.7,0.0,0.85,0.57,0.5
75,深圳市夏至投资有限公司,商务服务业,咨询服务,智慧园区 / 楼宇 / 电梯,3.5,园区专网·智能门禁·能耗管理·电梯物联网·楼宇自控,0.0,100万元,2023-11-08,34,有限责任公司,13926421510,13926421510@163.com;472367884@qq.com,,深圳市福田区莲花街道福中社区金田路4028号荣超经贸中心B4408,48.4,D,49.5,D,47.7,D,0.0,0.7424,0.5,0.85,0.0,0.85,0.57,0.5
76,深圳市爱妃视界科技有限公司,批发业,轻工及日用产品批发,智慧零售 / 供应链,2.5,门店专线·收银联网·客流分析·供应链协同,0.0,500万元,2025-03-21,18,有限责任公司,15979155929,afsjkj@126.com,,深圳市福田区福田街道福山社区彩田南路2030号澳新亚大厦1902,48.4,D,44.2,D,50.1,C,0.0,1.0,0.1667,0.85,0.0,0.85,0.8,0.5
77,深圳市亚鑫瑞投资咨询有限公司,软件和信息技术服务业,咨询服务,云网 / IDC / 算力 / 云游戏,4.0,移动云·云主机/桌面·IDC·云专线·边缘算力,0.0,10万元,2024-06-03,28,有限责任公司,13823353453,13222826849@163.com;13823353453@163.com,,深圳市福田区福田街道福安社区福华一路88号中心商务大厦2703,48.1,D,50.2,C,45.1,D,0.0,0.3857,0.6667,0.7,0.0,0.85,0.8,0.5
78,深圳市文羽企业管理有限公司,商务服务业,咨询服务,智慧园区 / 楼宇 / 电梯,3.5,园区专网·智能门禁·能耗管理·电梯物联网·楼宇自控,3.0,200万元,2023-11-03,35,有限责任公司,18929392927,bzy1980.ok@163.com;18620381893@qq.com,,深圳市福田区莲花街道福中社区深南大道2008号中国凤凰大厦1号楼14A-14A1,47.5,D,41.1,D,54.2,C,0.371,0.8531,0.5,0.2333,0.0,0.85,0.57,0.5
79,深圳市冰辰量子技术有限公司,科技推广和应用服务业,,云网 / IDC / 算力 / 云游戏,4.0,移动云·云主机/桌面·IDC·云专线·边缘算力,0.0,106.382979万元,2026-03-02,7,有限责任公司,,,,深圳市福田区园岭街道鹏盛社区八卦岭工业区615栋8B02F37,47.2,D,49.8,D,41.8,D,0.0,0.7522,0.6667,0.6167,0.2,0.2,1.0,0.5
80,金橙诚（深圳）控股集团有限公司,商务服务业,组织管理服务,智慧园区 / 楼宇 / 电梯,3.5,园区专网·智能门禁·能耗管理·电梯物联网·楼宇自控,0.0,500万元,2026-01-08,8,有限责任公司,,,,深圳市福田区香蜜湖街道东海社区深南大道7888号东海国际中心一期A栋3201A,47.1,D,47.5,D,43.7,D,0.0,1.0,0.5,0.7667,0.0,0.2,1.0,0.5
81,深圳市翌高新材料企业（有限合伙）,科技推广和应用服务业,技术推广服务,云网 / IDC / 算力 / 云游戏,4.0,移动云·云主机/桌面·IDC·云专线·边缘算力,0.0,300万元,2024-04-01,30,有限合伙,17503072519,474366947@qq.com,,深圳市福田区香蜜湖街道香岭社区侨香路3089号恒邦置地大厦19层1901A,46.9,D,47.3,D,49.2,D,0.0,0.918,0.6667,0.5417,0.0,0.85,0.57,0.3
82,深圳市企财赢科技有限公司,商务服务业,其他科学研究和技术服务业,智慧园区 / 楼宇 / 电梯,3.5,园区专网·智能门禁·能耗管理·电梯物联网·楼宇自控,1.0,100万元,2024-10-08,23,有限责任公司（自然人独资）,15994904245,15994904245@163.com;20110481@qq.com,,深圳市福田区园岭街道华林社区八卦路31号众鑫科技大厦9A62,46.1,D,41.3,D,50.1,C,0.1855,0.7424,0.5,0.3083,0.0,0.85,0.8,0.4
83,星耀全球（深圳）科技有限公司,科技推广和应用服务业,其他科学研究和技术服务业,云网 / IDC / 算力 / 云游戏,4.0,移动云·云主机/桌面·IDC·云专线·边缘算力,0.0,100万元,2024-03-27,30,有限责任公司（自然人独资）,13910021905,850829995@qq.com,,深圳市福田区莲花街道福中社区金田路4028号荣超经贸中心512-P020,45.9,D,46.7,D,46.8,D,0.0,0.7424,0.6667,0.5417,0.0,0.85,0.57,0.4
84,深圳锦元信息服务合伙企业（有限合伙）,科技推广和应用服务业,其他科学研究和技术服务业,云网 / IDC / 算力 / 云游戏,4.0,移动云·云主机/桌面·IDC·云专线·边缘算力,0.0,60万元,2024-10-09,23,有限合伙,,,,深圳市福田区莲花街道福中社区金田路4028号荣超经贸中心308B,45.7,D,52.5,C,39.4,D,0.0,0.6613,0.6667,1.0,0.0,0.2,0.8,0.3
85,岩韵泉语（深圳）控股有限公司,商务服务业,组织管理服务,智慧园区 / 楼宇 / 电梯,3.5,园区专网·智能门禁·能耗管理·电梯物联网·楼宇自控,1.0,105.263158万元,2025-06-20,15,有限责任公司,,772702573@qq.com,,深圳市福田区沙头街道天安社区泰然八路18号深圳安华工业区6栋五层5112,45.3,D,39.7,D,47.5,D,0.1855,0.7506,0.5,0.2333,0.0,0.6,1.0,0.5
86,深圳星领航文化产业投资有限公司,广播、电视、电影和录音制作业,投资与资产管理,智慧文旅 / 酒店,3.5,景区监控·客流分析·AR导览·酒店智能化,0.0,200万元,2025-06-16,15,有限责任公司（自然人独资）,,,,深圳市福田区莲花街道紫荆社区商报东路11号英龙商务大厦2902,45.0,D,46.4,D,41.0,D,0.0,0.8531,0.5,0.775,0.0,0.2,1.0,0.4
87,场景数字（深圳）科技有限公司,商务服务业,组织管理服务,智慧园区 / 楼宇 / 电梯,3.5,园区专网·智能门禁·能耗管理·电梯物联网·楼宇自控,0.0,100万元,2024-11-12,22,有限责任公司（自然人独资）,18881865849,1991042076@qq.com,,深圳市福田区南园街道南园社区南园路68号上步大厦11层11J,44.8,D,42.3,D,46.4,D,0.0,0.7424,0.5,0.4583,0.0,0.85,0.8,0.4
88,深圳市心有良品传媒有限公司,娱乐业,其他文化娱乐,智慧文旅 / 酒店,3.5,景区监控·客流分析·AR导览·酒店智能化,0.0,100万元,2024-03-14,30,有限责任公司,,13612454264@qq.com;13612454264@139.com,,深圳市福田区梅林街道梅都社区中康路126号卓越梅林中心广场（南区）A805,44.3,D,45.9,D,42.6,D,0.0,0.7424,0.5,0.775,0.0,0.6,0.57,0.5
89,深圳赋智万物控股有限合伙（有限合伙）,资本市场服务,投资与资产管理,智慧金融 / 银行,4.0,金融专线·灾备·金融云·5G消息·风控,0.0,100万元,2023-11-02,35,有限合伙企业,13530893855;13823103971,zhengyingli@luxitech.cn;wangbolun@luxitech.cn,,深圳市福田区梅林街道梅都社区中康路136号深圳新一代产业园5栋4层401,44.3,D,44.4,D,46.0,D,0.0,0.7424,0.6667,0.2333,0.35,0.85,0.57,0.3
90,深圳熙恩医疗管理合伙企业（有限合伙）,商务服务业,咨询服务,智慧园区 / 楼宇 / 电梯,3.5,园区专网·智能门禁·能耗管理·电梯物联网·楼宇自控,0.0,200万元,2024-04-28,29,有限合伙,18160783362,18160783362@163.com,,深圳市福田区福田街道福安社区福华一路1号深圳大中华国际交易广场L3-013,43.0,D,39.3,D,46.6,D,0.0,0.8531,0.5,0.3083,0.0,0.85,0.8,0.3
91,深圳欣硕企业管理有限公司,商务服务业,咨询服务,智慧园区 / 楼宇 / 电梯,3.5,园区专网·智能门禁·能耗管理·电梯物联网·楼宇自控,0.0,10万元,2023-11-03,35,有限责任公司（法人独资）,18265770750;18165770750;15220010002,18265770750@163.com;254589454@qq.com;maozhenqian1@bngrp.com,,深圳市福田区华强北街道荔村社区华强北路3012号赛格科技园4栋西5层B10,41.7,D,39.7,D,40.1,D,0.0,0.3857,0.5,0.2333,0.35,0.85,0.57,0.75
92,深圳凤宇企业管理有限公司,商务服务业,咨询服务,智慧园区 / 楼宇 / 电梯,3.5,园区专网·智能门禁·能耗管理·电梯物联网·楼宇自控,0.0,10万元,2023-10-30,35,有限责任公司,18165770750;15220010002,18165770752@163.com;254589454@qq.com;maozhenqian1@bngrp.com,,深圳市福田区华强北街道荔村社区华强北路3012号赛格科技园4栋东6层G51A,41.5,D,39.9,D,41.8,D,0.0,0.3857,0.5,0.2333,0.35,1.0,0.57,0.5
93,中凤企业管理（深圳）中心（有限合伙）,商务服务业,咨询服务,智慧园区 / 楼宇 / 电梯,3.5,园区专网·智能门禁·能耗管理·电梯物联网·楼宇自控,0.0,100万元,2024-01-03,33,有限合伙,13544193105,13902477138@139.com;67433029@qq.com,,深圳市福田区莲花街道紫荆社区新闻路1号中电信息大厦西座718,41.4,D,40.3,D,43.8,D,0.0,0.7424,0.5,0.4667,0.0,0.85,0.57,0.3
94,深圳成诚牛企业管理有限公司,商务服务业,咨询服务,智慧园区 / 楼宇 / 电梯,3.5,园区专网·智能门禁·能耗管理·电梯物联网·楼宇自控,0.0,10万元,2026-01-04,9,有限责任公司,,,,深圳市福田区香蜜湖街道东海社区深南大道7888号东海国际中心一期A栋3201A,41.0,D,43.8,D,33.9,D,0.0,0.3857,0.5,0.7667,0.0,0.2,1.0,0.5
95,广东盈泰环球投资控股有限公司,零售业,投资与资产管理,智慧零售 / 供应链,2.5,门店专线·收银联网·客流分析·供应链协同,0.0,500万元,2024-08-13,25,有限责任公司,13088861837,2689403805@qq.com,,深圳市福田区莲花街道福中社区福中一路1001号生命保险大厦十一层1104-1-5A6,39.7,D,30.7,D,45.2,D,0.0,1.0,0.1667,0.2333,0.0,0.85,0.8,0.5
96,深圳市熙恩时代企业管理有限公司,商务服务业,咨询服务,智慧园区 / 楼宇 / 电梯,3.5,园区专网·智能门禁·能耗管理·电梯物联网·楼宇自控,0.0,100万元,2023-12-28,33,有限责任公司,18160783362,18160783362@163.com,,深圳市福田区福田街道福安社区福华一路1号深圳大中华国际交易广场L3-011,39.7,D,35.9,D,42.7,D,0.0,0.7424,0.5,0.2333,0.0,0.85,0.57,0.5
97,深圳市八合里投资有限公司,资本市场服务,投资与资产管理,智慧金融 / 银行,4.0,金融专线·灾备·金融云·5G消息·风控,0.0,100万元,2024-03-05,31,有限责任公司,,312816943@qq.com,,深圳市福田区沙头街道天安社区深南大道6019号金润大厦二十五层25D,39.4,D,38.3,D,40.2,D,0.0,0.7424,0.6667,0.2333,0.0,0.6,0.57,0.5
98,深圳九州黑石投资合伙企业（有限合伙）,商务服务业,投资与资产管理,智慧园区 / 楼宇 / 电梯,3.5,园区专网·智能门禁·能耗管理·电梯物联网·楼宇自控,0.0,100万元,2023-10-18,35,有限合伙,13823353453,13823353453@163.com,,深圳市福田区福田街道福安社区福华一路88号中心商务大厦2005A,38.1,D,35.1,D,41.9,D,0.0,0.7424,0.5,0.2333,0.0,0.85,0.57,0.3
99,深圳市青夏投资有限公司,商务服务业,投资与资产管理,智慧园区 / 楼宇 / 电梯,3.5,园区专网·智能门禁·能耗管理·电梯物联网·楼宇自控,0.0,10万元,2025-11-28,10,有限责任公司,,,,深圳市福田区梅林街道下梅社区梅丽路9号APARK深圳数字艺术公园L3-03,34.6,D,33.7,D,30.2,D,0.0,0.3857,0.5,0.3083,0.0,0.2,1.0,0.5
100,深圳市金故宠物服务有限公司,其他服务业,宠物服务,基础通信 / 通用政企,2.0,集团专线·企业宽带·固话·V网·移动办公,0.0,100万元,2024-09-06,25,有限责任公司,,,,深圳市福田区华富街道莲花一村社区彩田路7018号新浩壹都A2106,26.7,D,19.6,D,27.3,D,0.0,0.7424,0.0,0.2333,0.0,0.2,0.8,0.5
